{"cameraMode":{"drawMode":0,"name":"Shaded","section":"Shading Mode"},"sceneLighting":true,"audioPlay":false,"sceneViewState":{"showFog":true,"showMaterialUpdate":false,"showSkybox":true,"showFlares":true,"showImageEffects":true,"showParticleSystems":true,"showVisualEffectGraphs":true,"m_FxEnabled":true},"in2DMode":false,"pivot":{"x":678.7000122070313,"y":575.1444091796875,"z":228.4557647705078},"rotation":{"x":0.19079074263572694,"y":0.017959468066692354,"z":-0.0034911136608570816,"w":0.9814618229866028},"size":1214.830810546875,"orthographic":false}